{"options":{"comment":null,"compatopts_for_requires":true,"compat_wrappedjsobject":false,"compat_metadata":false,"compat_foreach":false,"compat_arrayleft":false,"compat_uW_gmonkey":false,"compat_forvarin":false,"noframes":null,"awareOfChrome":false,"run_at":null,"user_agent":"","override":{"merge_excludes":true,"merge_includes":true,"merge_matches":true,"orig_excludes":[],"orig_includes":[],"orig_matches":["http://emuch.net/bbs/logging.php?action=login&t=*"],"orig_noframes":null,"orig_run_at":"document-idle","use_excludes":[],"use_includes":[],"use_matches":[]}},"settings":{"enabled":false,"position":18},"meta":{"name":"EMuch_SIGN_LOGIN","uuid":"743bc15e-9bd2-4a88-bfb8-f35608e52f01","modified":1453353445187}}