{"options":{"comment":null,"compatopts_for_requires":true,"compat_wrappedjsobject":false,"compat_metadata":false,"compat_foreach":false,"compat_arrayleft":false,"compat_uW_gmonkey":false,"compat_forvarin":false,"noframes":null,"awareOfChrome":false,"run_at":null,"user_agent":"","override":{"use_includes":[],"orig_includes":[],"merge_includes":true,"use_matches":[],"orig_matches":["http://emuch.net/bbs/index.php"],"merge_matches":true,"use_excludes":[],"orig_excludes":[],"merge_excludes":true,"orig_run_at":"document-idle","orig_noframes":null}},"settings":{"enabled":false,"position":19},"meta":{"name":"EMuch_SIGN_MAIN","uuid":"30970827-8bc1-4737-873c-863f10413c5f","modified":1453353284092}}