{"options":{"awareOfChrome":false,"comment":null,"compat_arrayleft":false,"compat_foreach":false,"compat_forvarin":false,"compat_metadata":false,"compat_uW_gmonkey":false,"compat_wrappedjsobject":false,"compatopts_for_requires":true,"noframes":null,"override":{"merge_excludes":true,"merge_includes":true,"merge_matches":true,"orig_excludes":[],"orig_includes":[],"orig_matches":["http://bbs.pinggu.org/member.php?mod=regpinggu*"],"orig_noframes":null,"orig_run_at":"document-idle","use_excludes":[],"use_includes":["uid"],"use_matches":[]},"run_at":null,"user_agent":""},"settings":{"enabled":false,"position":1},"meta":{"name":"pg_reg_main","uuid":"8b043111-719f-4c60-b2f4-1c003d4e1ee2","modified":1453353284281,"file_url":"TestJS"}}