{"options":{"awareOfChrome":false,"comment":null,"compat_arrayleft":false,"compat_foreach":false,"compat_forvarin":false,"compat_metadata":false,"compat_uW_gmonkey":false,"compat_wrappedjsobject":false,"compatopts_for_requires":true,"noframes":null,"override":{"merge_excludes":true,"merge_includes":true,"merge_matches":true,"orig_excludes":[],"orig_includes":[],"orig_matches":["http://bbs.pinggu.org/home.php?mod=spacecp*"],"orig_noframes":null,"orig_run_at":"document-idle","use_excludes":[],"use_includes":[],"use_matches":[]},"run_at":null,"user_agent":""},"settings":{"enabled":false,"position":3},"meta":{"name":"pg_reg_user_main","uuid":"2c98c705-ed90-4486-8e28-7207cf5a61a2","modified":1453353284323}}