{"options":{"awareOfChrome":false,"comment":null,"compat_arrayleft":false,"compat_foreach":false,"compat_forvarin":false,"compat_metadata":false,"compat_uW_gmonkey":false,"compat_wrappedjsobject":false,"compatopts_for_requires":true,"noframes":null,"override":{"merge_excludes":true,"merge_includes":true,"merge_matches":true,"orig_excludes":[],"orig_includes":[],"orig_matches":["http://bbs.pinggu.org/member.php?mod=logging&action=login&loginsubmit=yes&*"],"orig_noframes":null,"orig_run_at":"document-idle","use_excludes":[],"use_includes":[],"use_matches":[]},"run_at":null,"user_agent":""},"settings":{"enabled":false,"position":7},"meta":{"name":"PG_SIGN_TO_SIGN_PAGE","uuid":"d08118d0-52e8-4146-ba79-0203dabcc371","modified":1453353284393}}