{"options":{"awareOfChrome":false,"comment":null,"compat_arrayleft":false,"compat_foreach":false,"compat_forvarin":false,"compat_metadata":false,"compat_uW_gmonkey":false,"compat_wrappedjsobject":false,"compatopts_for_requires":true,"noframes":null,"override":{"merge_excludes":true,"merge_includes":true,"merge_matches":true,"orig_excludes":[],"orig_includes":[],"orig_matches":["http://bbs.pinggu.org/member.php?mod=logging&action=login&name=*"],"orig_noframes":null,"orig_run_at":"document-end","use_excludes":[],"use_includes":[],"use_matches":[]},"run_at":null,"user_agent":""},"settings":{"enabled":false,"position":8},"meta":{"name":"MAIL_PG","uuid":"20fb695c-8efa-48ad-8ab9-a20aadfea671","modified":1452665321990}}