{"options":{"awareOfChrome":false,"comment":null,"compat_arrayleft":false,"compat_foreach":false,"compat_forvarin":false,"compat_metadata":false,"compat_uW_gmonkey":false,"compat_wrappedjsobject":false,"compatopts_for_requires":true,"noframes":null,"override":{"merge_excludes":true,"merge_includes":true,"merge_matches":true,"orig_excludes":[],"orig_includes":["https://mail.sina.com.cn/register/regmail.php"],"orig_matches":["https://mail.sina.com.cn/register/regmail.php"],"orig_noframes":null,"orig_run_at":"document-idle","use_excludes":[],"use_includes":["https://mail.sina.com.cn/register/regmail.php*"],"use_matches":[]},"run_at":null,"user_agent":""},"settings":{"enabled":false,"position":9},"meta":{"name":"MAIL_SINA","uuid":"0de04aba-b5ae-4adb-8be7-a7d9d03cd695","modified":1452665322015}}