{"options":{"awareOfChrome":false,"comment":null,"compat_arrayleft":false,"compat_foreach":false,"compat_forvarin":false,"compat_metadata":false,"compat_uW_gmonkey":false,"compat_wrappedjsobject":false,"compatopts_for_requires":true,"noframes":null,"override":{"merge_excludes":true,"merge_includes":true,"merge_matches":true,"orig_excludes":[],"orig_includes":[],"orig_matches":["http://bbs.pinggu.org/member.php?mod=logging&action=login&loginsubmit=yes&*","http://bbs.pinggu.org/thread-1018186-1-1.html"],"orig_noframes":null,"orig_run_at":"document-idle","use_excludes":[],"use_includes":[],"use_matches":[]},"run_at":null,"user_agent":""},"settings":{"enabled":false,"position":17},"meta":{"name":"PG_MAIL_2_LIVE","uuid":"9bac1ed2-cef8-4628-a255-df9def1f4639","modified":1452665322051}}