{"options":{"awareOfChrome":false,"comment":null,"compat_arrayleft":false,"compat_foreach":false,"compat_forvarin":false,"compat_metadata":false,"compat_uW_gmonkey":false,"compat_wrappedjsobject":false,"compatopts_for_requires":true,"noframes":null,"override":{"merge_excludes":true,"merge_includes":true,"merge_matches":true,"orig_excludes":[],"orig_includes":[],"orig_matches":["http://bbs.pinggu.org/thread-1018186-1-1.html","http://bbs.pinggu.org/forum.php?mod=post&action=reply&fid=145&tid=1018186&extra=&replysubmit=yes&infloat=yes&handlekey=fastpost"],"orig_noframes":null,"orig_run_at":"document-idle","use_excludes":[],"use_includes":[],"use_matches":[]},"run_at":null,"user_agent":""},"settings":{"enabled":false,"position":15},"meta":{"name":"pg_reg_first_reply","uuid":"94d85120-1d07-4762-8f12-3ebdbbbc11bd","modified":1452739608521}}